{"delta1": 0.9786749638280987, "delta2": 0.994611583130752, "delta3": 0.9980494818978795, "rmse": 0.349870420261792, "mse": 0.12240931097416297, "rel_sqr_diff": 0.032595819448038604, "rel_abs_diff": 0.08475292058706675}